state_code,state_name,district_code,district_name,sub_district_code,sub_district_name,village_code,village_name,gram_panchayat_code,gram_panchayat_name,reference_year,area_hectares,households,population,male_population,female_population,govt_primary_school_count,govt_middle_school_count,govt_secondary_school_count,govt_senior_secondary_school_count,community_health_centre_count,primary_health_centre_count,primary_health_sub_centre_count,tap_water_treated,tap_water_untreated,closed_drainage,open_drainage,no_drainage,community_waste_disposal,no_waste_system,mobile_coverage,internet_csc,public_bus_service,major_district_road,other_district_road,black_topped_road,gravel_road,all_weather_road,atm,commercial_bank,pds_shop,domestic_power,all_users_power,power_hours_summer,power_hours_winter,population_density_per_hectare,has_any_health_centre
29,KARNATAKA,572,Bangalore,5542,Bangalore North,612749,Gopalapura,,GOPALAPURA,2009,397.63,232,1026,533,493,1,0,0,0,0,1,1,1,0,0,1,0,0,1,1,1,1,1,1,1,1,1,0,0,1,1,1,18.0,20.0,2.58,1
29,KARNATAKA,572,Bangalore,5542,Bangalore North,612750,Kukkanahalli,,KUKKANAHALLI,2009,462.37,205,935,486,449,1,0,0,0,0,0,0,1,0,0,1,0,0,1,1,1,1,1,1,1,1,1,0,0,1,1,1,18.0,20.0,2.02,0
29,KARNATAKA,572,Bangalore,5542,Bangalore North,612751,Shamabhattara Palya,,SHAMABHATTARA PALYA,2009,58.39,58,297,154,143,1,0,0,0,0,0,0,1,0,0,1,0,0,1,1,1,1,1,1,1,1,1,0,0,1,1,1,18.0,20.0,5.09,0
29,KARNATAKA,572,Bangalore,5542,Bangalore North,612752,Totagere,,TOTAGERE,2009,322.02,212,1165,605,560,1,0,0,0,0,0,0,1,0,0,1,0,0,1,1,1,1,1,1,1,1,1,0,0,1,1,1,18.0,20.0,3.62,0
29,KARNATAKA,572,Bangalore,5542,Bangalore North,612753,Bommasettihalli,,BOMMASETTIHALLI,2009,107.4,75,281,146,135,1,0,0,0,0,0,0,1,0,0,1,0,0,1,1,1,1,1,1,1,1,1,0,0,1,1,1,18.0,20.0,2.62,0
29,KARNATAKA,572,Bangalore,5542,Bangalore North,612754,Syadamipalya,,SYADAMIPALYA,2009,30.81,35,162,84,78,0,0,0,0,0,0,0,1,0,0,1,0,0,1,1,1,1,1,1,1,1,1,0,0,1,1,1,18.0,20.0,5.26,0
29,KARNATAKA,572,Bangalore,5542,Bangalore North,612755,Bethanagere,,BETHANAGERE,2009,484.54,217,977,508,469,1,0,0,0,0,0,0,1,0,0,1,0,0,1,1,1,1,1,1,1,1,1,0,0,1,1,1,18.0,20.0,2.02,0
29,KARNATAKA,572,Bangalore,5542,Bangalore North,612756,Rampalya,,RAMPALYA,2009,65.42,58,233,121,112,1,0,0,0,0,0,0,1,0,0,1,0,0,1,1,1,1,1,1,1,1,1,0,0,1,1,1,18.0,20.0,3.56,0
29,KARNATAKA,572,Bangalore,5542,Bangalore North,612757,Huskur,,HUSKUR,2009,417.91,324,1320,686,634,1,0,0,0,0,1,1,1,0,0,1,0,0,1,1,1,1,1,1,1,1,1,0,0,1,1,1,18.0,20.0,3.16,1
29,KARNATAKA,572,Bangalore,5542,Bangalore North,612758,Agrahara Palya,,AGRAHARA PALYA,2009,79.68,45,225,117,108,1,0,0,0,0,0,0,1,0,0,1,0,0,1,1,1,1,1,1,1,1,1,0,0,1,1,1,18.0,20.0,2.82,0
29,KARNATAKA,572,Bangalore,5542,Bangalore North,612759,Hosahalli Palya,,HOSAHALLI PALYA,2009,91.84,94,425,221,204,1,0,0,0,0,0,0,1,0,0,1,0,0,1,1,1,1,1,1,1,1,1,0,0,1,1,1,18.0,20.0,4.63,0
29,KARNATAKA,572,Bangalore,5542,Bangalore North,612760,Govindapura,,GOVINDAPURA,2009,78.39,72,289,150,139,1,0,0,0,0,1,1,1,0,0,1,0,0,1,1,1,1,1,1,1,1,1,0,0,1,1,1,18.0,20.0,3.69,1
29,KARNATAKA,572,Bangalore,5542,Bangalore North,612761,Honnasandra,,HONNASANDRA,2009,181.75,228,1059,550,509,1,0,0,0,0,0,0,1,0,0,1,0,0,1,1,1,1,1,1,1,1,1,0,0,1,1,1,18.0,20.0,5.83,0
29,KARNATAKA,572,Bangalore,5542,Bangalore North,612762,Huchana Palya,,HUCHANA PALYA,2009,57.24,63,261,135,126,1,0,0,0,0,0,0,1,0,0,1,0,0,1,1,1,1,1,1,1,1,1,0,0,1,1,1,18.0,20.0,4.56,0
29,KARNATAKA,572,Bangalore,5542,Bangalore North,612763,Pillahalli,,PILLAHALLI,2009,337.96,239,1072,557,515,1,0,0,0,0,0,0,1,0,0,1,0,0,1,1,1,1,1,1,1,1,1,0,0,1,1,1,18.0,20.0,3.17,0
29,KARNATAKA,572,Bangalore,5542,Bangalore North,612764,Nagarur,,NAGARUR,2009,404.39,518,2040,1060,980,1,1,0,0,0,0,0,1,0,1,1,0,0,1,1,1,1,1,1,1,1,1,0,0,1,1,1,18.0,20.0,5.04,0
29,KARNATAKA,572,Bangalore,5542,Bangalore North,612765,Kodipalya,,KODIPALYA,2009,23.74,40,171,88,83,0,0,0,0,0,0,0,1,0,0,1,0,0,1,1,1,1,1,1,1,1,1,0,0,1,1,1,18.0,20.0,7.2,0
29,KARNATAKA,572,Bangalore,5542,Bangalore North,612766,Seshagiri Rao Palya,,SESHAGIRI RAO PALYA,2009,37.73,13,55,28,27,0,0,0,0,0,0,0,0,1,0,0,1,0,1,1,1,1,1,1,1,1,1,0,0,1,1,1,18.0,20.0,1.46,0
29,KARNATAKA,572,Bangalore,5542,Bangalore North,612767,Mariyanapalya,,MARIYANAPALYA,2009,89.42,32,150,78,72,1,0,0,0,0,0,0,1,0,0,1,0,0,1,1,1,1,1,1,1,1,1,0,0,1,1,1,18.0,20.0,1.68,0
29,KARNATAKA,572,Bangalore,5542,Bangalore North,612768,Mathahalli,,MATHAHALLI,2009,249.62,220,890,462,428,1,0,0,0,0,1,1,1,0,0,1,0,0,1,1,1,1,1,1,1,1,1,0,0,1,1,1,18.0,20.0,3.57,1
29,KARNATAKA,572,Bangalore,5542,Bangalore North,612769,Narasipura,,NARASIPURA,2009,132.22,128,548,284,264,1,0,0,0,0,0,0,1,0,0,1,0,0,1,1,1,1,1,1,1,1,1,0,0,1,1,1,18.0,20.0,4.14,0
29,KARNATAKA,572,Bangalore,5542,Bangalore North,612770,Torenagasandra,,TORENAGASANDRA,2009,108.69,208,885,460,425,1,0,0,0,0,0,0,1,0,0,1,0,0,1,1,1,1,1,1,1,1,1,0,0,1,1,1,18.0,20.0,8.14,0
29,KARNATAKA,572,Bangalore,5542,Bangalore North,612771,Muniyanapalya,,MUNIYANAPALYA,2009,89.42,21,97,50,47,0,0,0,0,0,0,0,1,0,0,1,0,0,1,1,1,1,1,1,1,1,1,0,0,1,1,1,18.0,20.0,1.08,0
29,KARNATAKA,572,Bangalore,5542,Bangalore North,612772,Vaderahalli,,VADERAHALLI,2009,143.05,176,759,394,365,1,0,0,0,0,0,0,1,0,0,1,0,0,1,1,1,1,1,1,1,1,1,0,0,1,1,1,18.0,20.0,5.31,0
29,KARNATAKA,572,Bangalore,5542,Bangalore North,612773,Alur,,ALUR,2009,418.63,467,1962,1020,942,1,1,0,0,0,0,0,1,0,0,1,0,0,1,1,1,1,1,1,1,1,1,0,0,1,1,1,18.0,20.0,4.69,0
29,KARNATAKA,572,Bangalore,5542,Bangalore North,612774,Kuduragere,,KUDURAGERE,2009,300.4,589,2425,1261,1164,1,1,0,0,0,1,1,1,0,1,1,0,0,1,1,1,1,1,1,1,1,1,0,0,1,1,1,18.0,20.0,8.07,1
29,KARNATAKA,572,Bangalore,5542,Bangalore North,612775,Thammenahalli,,THAMMENAHALLI,2009,172.63,308,1256,653,603,1,0,0,0,0,0,0,1,0,0,1,0,0,1,1,1,1,1,1,1,1,1,0,0,1,1,1,18.0,20.0,7.28,0
29,KARNATAKA,572,Bangalore,5542,Bangalore North,612776,Hanumantha Sagara,,HANUMANTHA SAGARA,2009,45.17,176,649,337,312,1,0,0,0,0,0,0,1,0,0,1,0,0,1,1,1,1,1,1,1,1,1,0,1,1,1,1,18.0,20.0,14.37,0
29,KARNATAKA,572,Bangalore,5542,Bangalore North,612777,Heggadadevanapura,,HEGGADADEVANAPURA,2009,181.37,1254,4820,2506,2314,1,1,1,0,0,0,0,1,0,1,1,0,0,1,1,1,1,1,1,1,1,1,0,0,1,1,1,18.0,20.0,26.58,0
29,KARNATAKA,572,Bangalore,5542,Bangalore North,612778,Makali,,MAKALI,2009,79.49,744,2873,1493,1380,1,1,0,0,0,1,1,1,0,1,1,0,0,1,1,1,1,1,1,1,1,1,0,0,1,1,1,18.0,20.0,36.14,1
29,KARNATAKA,572,Bangalore,5542,Bangalore North,612779,Adakamaranahalli,,ADAKAMARANAHALLI,2009,90.64,1056,4137,2151,1986,1,1,1,0,0,0,0,1,0,1,1,0,0,1,1,1,1,1,1,1,1,1,0,0,1,1,1,18.0,20.0,45.64,0
29,KARNATAKA,572,Bangalore,5542,Bangalore North,612780,Dasanapura,,DASANAPURA,2009,408.99,1168,4551,2366,2185,1,1,1,0,0,1,1,1,0,1,1,0,0,1,1,1,1,1,1,1,1,1,0,0,1,1,1,18.0,20.0,11.13,1
29,KARNATAKA,572,Bangalore,5542,Bangalore North,612781,Gejjagadahalli,,GEJJAGADAHALLI,2009,66.36,251,1052,547,505,1,0,0,0,0,0,0,1,0,0,1,0,0,1,1,1,1,1,1,1,1,1,0,0,1,1,1,18.0,20.0,15.85,0
29,KARNATAKA,572,Bangalore,5542,Bangalore North,612782,Hullegowdanahalli,,HULLEGOWDANAHALLI,2009,395.46,305,1366,710,656,1,0,0,0,0,0,0,1,0,0,1,0,0,1,1,1,1,1,1,1,1,1,0,0,1,1,1,18.0,20.0,3.45,0
29,KARNATAKA,572,Bangalore,5542,Bangalore North,612783,Byregowdanahalli,,BYREGOWDANAHALLI,2009,146.65,173,673,349,324,1,0,0,0,0,0,0,1,0,0,1,0,0,1,1,1,1,1,1,1,1,1,0,0,1,1,1,18.0,20.0,4.59,0
29,KARNATAKA,572,Bangalore,5542,Bangalore North,612784,Venkatapura,,VENKATAPURA,2009,94.55,40,172,89,83,0,0,0,0,0,0,0,1,0,0,1,0,0,1,1,1,1,1,1,1,1,1,0,0,1,1,1,18.0,20.0,1.82,0
29,KARNATAKA,572,Bangalore,5542,Bangalore North,612785,Lakkenahalli,,LAKKENAHALLI,2009,219.87,205,955,496,459,1,0,0,0,0,0,0,1,0,0,1,0,0,1,1,1,1,1,1,1,1,1,0,0,1,1,1,18.0,20.0,4.34,0
29,KARNATAKA,572,Bangalore,5542,Bangalore North,612786,Kenganahalli,,KENGANAHALLI,2009,197.39,91,487,253,234,1,0,0,0,0,0,0,1,0,0,1,0,0,1,1,1,1,1,1,1,1,1,0,0,1,1,1,18.0,20.0,2.47,0
29,KARNATAKA,572,Bangalore,5542,Bangalore North,612787,Shivanapura,,SHIVANAPURA,2009,441.83,330,1372,713,659,1,0,0,0,0,0,0,1,0,0,1,0,0,1,1,1,1,1,1,1,1,1,0,0,1,1,1,18.0,20.0,3.11,0
29,KARNATAKA,572,Bangalore,5542,Bangalore North,612788,Gowdahalli,,GOWDAHALLI,2009,222.04,143,586,304,282,1,0,0,0,0,0,0,1,0,0,0,1,0,1,1,1,1,1,1,1,1,1,0,0,1,1,1,18.0,20.0,2.64,0
29,KARNATAKA,572,Bangalore,5542,Bangalore North,612789,Harokyathanahalli,,HAROKYATHANAHALLI,2009,291.76,670,2513,1306,1207,0,0,0,0,0,0,0,1,0,1,1,0,0,1,1,1,1,1,1,1,1,1,0,0,1,1,1,18.0,20.0,8.61,0
29,KARNATAKA,572,Bangalore,5542,Bangalore North,612790,Narayanappana Palya,,NARAYANAPPANA PALYA,2009,39.48,58,212,110,102,0,0,0,0,0,0,0,0,1,0,0,1,0,1,1,1,1,1,1,1,1,1,0,0,1,1,1,18.0,20.0,5.37,0
29,KARNATAKA,572,Bangalore,5542,Bangalore North,612791,Madavara,,MADAVARA,2009,263.14,2307,8742,4545,4197,1,1,1,0,0,0,0,1,0,1,1,0,0,1,1,1,1,1,1,1,1,1,0,0,1,1,1,18.0,20.0,33.22,0
29,KARNATAKA,572,Bangalore,5542,Bangalore North,612792,Siddanahosahalli,,SIDDANAHOSAHALLI,2009,79.02,1694,6165,3205,2960,1,1,1,0,0,0,0,1,0,1,1,0,0,1,1,1,1,1,1,1,1,1,1,1,1,1,1,18.0,20.0,78.02,0
29,KARNATAKA,572,Bangalore,5542,Bangalore North,612793,Dombarahalli,,DOMBARAHALLI,2009,102.77,724,2640,1372,1268,1,1,0,0,0,0,0,1,0,1,1,0,0,1,1,1,1,1,1,1,1,1,0,0,1,1,1,18.0,20.0,25.69,0
29,KARNATAKA,572,Bangalore,5542,Bangalore North,612794,Gavipalya,,GAVIPALYA,2009,35.12,75,320,166,154,1,0,0,0,0,0,0,1,0,0,1,0,0,1,1,1,1,1,1,1,1,1,0,0,1,1,1,18.0,20.0,9.11,0
29,KARNATAKA,572,Bangalore,5542,Bangalore North,612795,Kadaranahalli,,KADARANAHALLI,2009,170.88,88,412,214,198,1,0,0,0,0,0,0,1,0,0,1,0,0,1,1,1,1,1,1,1,1,1,0,0,1,1,1,18.0,20.0,2.41,0
29,KARNATAKA,572,Bangalore,5542,Bangalore North,612796,Avverahalli,,AVVERAHALLI,2009,261.4,101,415,215,200,1,0,0,0,0,0,0,1,0,0,1,0,0,1,1,1,1,1,1,1,1,1,0,0,1,1,1,18.0,20.0,1.59,0
29,KARNATAKA,572,Bangalore,5542,Bangalore North,612797,Hunnigere,,HUNNIGERE,2009,272.2,154,644,334,310,1,0,0,0,0,0,0,1,0,0,1,0,1,0,1,1,1,1,1,1,1,1,0,0,1,1,1,18.0,20.0,2.37,0
29,KARNATAKA,572,Bangalore,5542,Bangalore North,612798,Sondekoppa,,SONDEKOPPA,2009,614.89,881,4045,2103,1942,1,1,1,0,0,1,1,1,0,1,1,0,0,1,1,1,1,1,1,1,1,1,1,1,1,1,1,18.0,20.0,6.58,1
29,KARNATAKA,572,Bangalore,5542,Bangalore North,612799,Nagasandra,,NAGASANDRA,2009,189.44,58,253,131,122,1,0,0,0,0,1,1,1,0,0,1,0,0,1,1,1,1,1,1,1,1,1,0,0,1,1,1,18.0,20.0,1.34,1
29,KARNATAKA,572,Bangalore,5542,Bangalore North,612800,Mallasandra,,MALLASANDRA,2009,307.95,193,830,431,399,1,0,0,0,0,1,1,1,0,0,1,0,0,1,1,1,1,1,1,1,1,1,0,0,1,1,1,18.0,20.0,2.7,1
29,KARNATAKA,572,Bangalore,5542,Bangalore North,612801,Gollarapalya,,GOLLARAPALYA,2009,58.53,10,41,21,20,1,0,0,0,0,0,0,1,0,0,1,0,0,1,1,1,1,1,1,1,1,1,0,0,1,1,1,18.0,20.0,0.7,0
29,KARNATAKA,572,Bangalore,5542,Bangalore North,612802,Ravuthanahalli,,RAVUTHANAHALLI,2009,378.94,210,906,471,435,1,0,0,0,0,0,0,1,0,0,1,0,0,1,1,1,1,1,1,1,1,1,0,0,1,1,1,18.0,20.0,2.39,0
29,KARNATAKA,572,Bangalore,5542,Bangalore North,612803,Kammasandra,,KAMMASANDRA,2009,232.89,145,649,337,312,1,0,0,0,0,0,0,1,0,0,1,0,0,1,1,1,1,1,1,1,1,1,0,0,1,1,1,18.0,20.0,2.79,0
29,KARNATAKA,572,Bangalore,5542,Bangalore North,612804,Lakshmipura,,LAKSHMIPURA,2009,406.19,454,1895,985,910,1,1,0,0,0,1,1,1,0,0,1,0,0,1,1,1,1,1,1,1,1,1,0,0,1,1,1,18.0,20.0,4.67,1
29,KARNATAKA,572,Bangalore,5542,Bangalore North,612805,K.G.Srikantapura,,K.G.SRIKANTAPURA,2009,75.65,76,299,155,144,0,0,0,0,0,0,0,1,0,0,1,0,0,1,1,1,1,1,1,1,1,1,0,0,1,1,1,18.0,20.0,3.95,0
29,KARNATAKA,572,Bangalore,5542,Bangalore North,612806,Gangondanahalli,,GANGONDANAHALLI,2009,282.99,844,3420,1778,1642,1,1,1,0,0,0,0,1,0,1,1,0,0,1,1,1,1,1,1,1,1,1,0,0,1,1,1,18.0,20.0,12.09,0
29,KARNATAKA,572,Bangalore,5542,Bangalore North,612807,K.G. Lakkenahalli,,K.G. LAKKENAHALLI,2009,107.87,197,877,456,421,1,0,0,0,0,0,0,0,1,0,0,1,0,1,1,1,1,1,1,1,1,1,0,0,1,1,1,18.0,20.0,8.13,0
29,KARNATAKA,572,Bangalore,5542,Bangalore North,612808,Vaddarahalli,,VADDARAHALLI,2009,152.89,81,361,187,174,1,0,0,0,0,0,0,1,0,0,1,0,0,1,1,1,1,1,1,1,1,1,0,0,1,1,1,18.0,20.0,2.36,0
29,KARNATAKA,572,Bangalore,5542,Bangalore North,612809,Bettahalli,,BETTAHALLI,2009,201.36,175,840,436,404,1,0,0,0,0,0,0,1,0,0,1,0,0,1,1,1,1,1,1,1,1,1,0,0,1,1,1,18.0,20.0,4.17,0
29,KARNATAKA,572,Bangalore,5542,Bangalore North,612810,Kittana Halli,,KITTANA HALLI,2009,441.42,563,2356,1225,1131,1,1,0,0,0,1,1,1,0,1,1,0,0,1,1,1,1,1,1,1,1,1,0,0,1,1,1,18.0,20.0,5.34,1
29,KARNATAKA,572,Bangalore,5542,Bangalore North,612811,Gattisiddanahalli,,GATTISIDDANAHALLI,2009,108.84,52,240,124,116,1,0,0,0,0,0,0,1,0,0,1,0,0,1,1,1,1,1,1,1,1,1,0,0,1,1,1,18.0,20.0,2.21,0
29,KARNATAKA,572,Bangalore,5542,Bangalore North,612812,Giddenahalli,,GIDDENAHALLI,2009,235.4,154,674,350,324,1,0,0,0,0,0,0,1,0,0,1,0,0,1,1,1,1,1,1,1,1,1,0,0,1,1,1,18.0,20.0,2.86,0
29,KARNATAKA,572,Bangalore,5542,Bangalore North,612813,Kadabagere,,KADABAGERE,2009,610.66,1358,5235,2722,2513,1,1,1,0,0,0,0,1,0,1,1,0,0,1,1,1,1,1,1,1,1,1,0,0,1,1,1,18.0,20.0,8.57,0
29,KARNATAKA,572,Bangalore,5542,Bangalore North,612814,Byandahalli,,BYANDAHALLI,2009,135.53,191,869,451,418,1,0,0,0,0,0,0,1,0,0,1,0,0,1,1,1,1,1,1,1,1,1,0,0,1,1,1,18.0,20.0,6.41,0
29,KARNATAKA,572,Bangalore,5542,Bangalore North,612815,Bylakonenahalli,,BYLAKONENAHALLI,2009,171.95,115,490,254,236,1,0,0,0,0,0,0,1,0,0,1,0,0,1,1,1,1,1,1,1,1,1,0,0,1,1,1,18.0,20.0,2.85,0
29,KARNATAKA,572,Bangalore,5542,Bangalore North,612816,Machohalli,,MACHOHALLI,2009,462.74,1659,6468,3363,3105,1,1,1,0,1,1,1,0,1,1,1,0,0,1,1,1,1,1,1,1,1,1,0,0,1,1,1,18.0,20.0,13.98,1
29,KARNATAKA,572,Bangalore,5542,Bangalore North,612817,Kachohalli,,KACHOHALLI,2009,263.7,2147,8347,4340,4007,1,1,1,0,0,0,0,0,1,1,1,0,0,1,1,1,1,1,1,1,1,1,0,0,1,1,1,18.0,20.0,31.65,0
29,KARNATAKA,572,Bangalore,5542,Bangalore North,612818,Ganigarahalli,,GANIGARAHALLI,2009,153.97,406,1799,935,864,1,1,0,0,0,0,0,1,0,0,1,0,0,1,1,1,1,1,1,1,1,1,0,0,1,1,1,18.0,20.0,11.68,0
29,KARNATAKA,572,Bangalore,5542,Bangalore North,612819,Somashetti Halli,,SOMASHETTI HALLI,2009,175.56,531,2164,1125,1039,1,1,0,0,0,0,0,1,0,1,1,0,0,1,1,1,1,1,1,1,1,1,0,0,1,1,1,18.0,20.0,12.33,0
29,KARNATAKA,572,Bangalore,5542,Bangalore North,612820,Lakshmipura (North),,LAKSHMIPURA (NORTH),2009,160.96,958,3895,2025,1870,1,1,1,0,0,0,0,1,0,1,1,0,0,1,1,1,1,1,1,1,1,1,0,0,1,1,1,18.0,20.0,24.2,0
29,KARNATAKA,572,Bangalore,5542,Bangalore North,612821,Thirumalapura,,THIRUMALAPURA,2009,94.28,68,310,161,149,1,0,0,0,0,0,0,1,0,0,1,0,0,1,1,1,1,1,1,1,1,1,0,0,1,1,1,18.0,20.0,3.29,0
29,KARNATAKA,572,Bangalore,5542,Bangalore North,612822,Kodigehalli(Part),,KODIGEHALLI(PART),2009,93.0,39,163,84,79,1,0,0,0,0,0,0,1,0,0,1,0,0,1,1,1,1,1,1,1,1,1,0,0,1,1,1,18.0,20.0,1.75,0
29,KARNATAKA,572,Bangalore,5542,Bangalore North,612823,Seegehalli,,SEEGEHALLI,2009,177.91,410,1609,836,773,1,1,0,0,0,0,0,1,0,0,0,1,0,1,1,1,1,1,1,1,1,1,0,0,1,1,1,18.0,20.0,9.04,0
29,KARNATAKA,572,Bangalore,5542,Bangalore North,612824,Kannahalli,,KANNAHALLI,2009,389.55,385,1579,821,758,1,1,0,0,0,1,1,1,0,0,1,0,0,1,1,1,1,1,1,1,1,1,0,0,1,1,1,18.0,20.0,4.05,1
29,KARNATAKA,572,Bangalore,5542,Bangalore North,612825,Manganahalli,,MANGANAHALLI,2009,150.28,637,2626,1365,1261,1,1,0,0,0,0,0,1,0,1,1,0,0,1,1,1,1,1,1,1,1,1,0,0,1,1,1,18.0,20.0,17.47,0
29,KARNATAKA,572,Bangalore,5542,Bangalore North,612826,Sonnenahalli,,SONNENAHALLI,2009,648.69,302,1343,698,645,1,0,0,0,0,1,1,1,0,0,1,0,1,0,1,1,1,1,1,1,1,1,0,0,1,1,1,18.0,20.0,2.07,1
29,KARNATAKA,572,Bangalore,5542,Bangalore North,612827,Challahalli,,CHALLAHALLI,2009,265.3,180,803,417,386,1,0,0,0,0,0,0,1,0,0,1,0,0,1,1,1,1,1,1,1,1,1,0,0,1,1,1,18.0,20.0,3.03,0
29,KARNATAKA,572,Bangalore,5542,Bangalore North,612828,Haniyur,,HANIYUR,2009,260.24,237,972,505,467,1,0,0,0,0,0,0,1,0,0,0,1,0,1,1,1,1,1,1,1,1,1,0,0,1,1,1,18.0,20.0,3.74,0
29,KARNATAKA,572,Bangalore,5542,Bangalore North,612829,Kakkehalli,,KAKKEHALLI,2009,120.44,65,237,123,114,1,0,0,0,0,0,0,1,0,0,1,0,0,1,1,1,1,1,1,1,1,1,0,0,1,1,1,18.0,20.0,1.97,0
29,KARNATAKA,572,Bangalore,5542,Bangalore North,612830,Nellukunte,,NELLUKUNTE,2009,85.37,72,298,154,144,0,0,0,0,0,0,0,1,0,0,1,0,0,1,1,1,1,1,1,1,1,1,0,0,1,1,1,18.0,20.0,3.49,0
29,KARNATAKA,572,Bangalore,5542,Bangalore North,612831,Kadathanamale,,KADATHANAMALE,2009,315.15,110,500,260,240,1,0,0,0,0,0,0,1,0,0,1,0,0,1,1,1,1,1,1,1,1,1,0,0,1,1,1,18.0,20.0,1.59,0
29,KARNATAKA,572,Bangalore,5542,Bangalore North,612832,Marasandra Amanikere,,MARASANDRA AMANIKERE,2009,129.74,612,2343,1218,1125,1,1,0,0,0,0,0,1,0,1,1,0,0,1,1,1,1,1,1,1,1,1,0,0,1,1,1,18.0,20.0,18.06,0
29,KARNATAKA,572,Bangalore,5542,Bangalore North,612833,Suradenpura,,SURADENPURA,2009,273.2,366,1734,901,833,1,1,0,0,0,0,0,1,0,0,1,0,0,1,1,1,1,1,1,1,1,1,0,0,1,1,1,18.0,20.0,6.35,0
29,KARNATAKA,572,Bangalore,5542,Bangalore North,612834,Adde Vishwanathapura,,ADDE VISHWANATHAPURA,2009,619.7,398,1762,916,846,1,1,0,0,0,0,0,1,0,0,1,0,0,1,1,1,1,1,1,1,1,1,0,0,1,1,1,18.0,20.0,2.84,0
29,KARNATAKA,572,Bangalore,5542,Bangalore North,612835,Arakere,,ARAKERE,2009,467.35,182,772,401,371,1,0,0,0,0,0,0,1,0,0,1,0,0,1,1,1,1,1,1,1,1,1,0,0,1,1,1,18.0,20.0,1.65,0
29,KARNATAKA,572,Bangalore,5542,Bangalore North,612836,Byrapura,,BYRAPURA,2009,50.62,131,638,331,307,1,0,0,0,0,0,0,0,1,0,1,0,0,1,1,1,1,1,1,1,1,1,0,0,1,1,1,18.0,20.0,12.6,0
29,KARNATAKA,572,Bangalore,5542,Bangalore North,612837,Channasandra,,CHANNASANDRA,2009,72.77,38,167,86,81,1,0,0,0,0,0,0,1,0,0,1,0,0,1,1,1,1,1,1,1,1,1,0,0,1,1,1,18.0,20.0,2.29,0
29,KARNATAKA,572,Bangalore,5542,Bangalore North,612838,Kamakshipura,,KAMAKSHIPURA,2009,109.69,143,707,367,340,1,0,0,0,0,0,0,1,0,0,1,0,0,1,1,1,1,1,1,1,1,1,0,0,1,1,1,18.0,20.0,6.45,0
29,KARNATAKA,572,Bangalore,5542,Bangalore North,612839,Seeresandra,,SEERESANDRA,2009,152.02,117,592,307,285,0,0,0,0,0,0,0,1,0,0,1,0,1,0,1,1,1,1,1,1,1,1,0,0,1,1,1,18.0,20.0,3.89,0
29,KARNATAKA,572,Bangalore,5542,Bangalore North,612840,Byatha,,BYATHA,2009,521.04,201,936,486,450,1,0,0,0,0,1,1,1,0,0,1,0,1,0,1,1,1,1,1,1,1,1,0,0,1,1,1,18.0,20.0,1.8,1
29,KARNATAKA,572,Bangalore,5542,Bangalore North,612841,Kakolu,,KAKOLU,2009,577.43,295,1287,669,618,1,0,0,0,0,1,1,1,0,0,1,0,0,1,1,1,1,1,1,1,1,1,0,0,1,1,1,18.0,20.0,2.23,1
29,KARNATAKA,572,Bangalore,5542,Bangalore North,612842,Budumanahalli,,BUDUMANAHALLI,2009,162.32,118,561,291,270,1,0,0,0,0,0,0,0,1,0,1,0,0,1,1,1,1,1,1,1,1,1,0,0,1,1,1,18.0,20.0,3.46,0
29,KARNATAKA,572,Bangalore,5542,Bangalore North,612843,Shanubhoganahalli,,SHANUBHOGANAHALLI,2009,183.88,245,993,516,477,0,0,0,0,0,0,0,1,0,0,1,0,1,0,1,1,1,1,1,1,1,1,0,0,1,1,1,18.0,20.0,5.4,0
29,KARNATAKA,572,Bangalore,5542,Bangalore North,612844,Chokkanahalli,,CHOKKANAHALLI,2009,193.5,85,379,197,182,1,0,0,0,0,0,0,1,0,0,1,0,0,1,1,1,1,1,1,1,1,1,0,0,1,1,1,18.0,20.0,1.96,0
29,KARNATAKA,572,Bangalore,5542,Bangalore North,612845,Sreeramanahalli,,SREERAMANAHALLI,2009,188.68,272,1108,576,532,1,0,0,0,0,0,0,1,0,0,1,0,0,1,1,1,1,1,1,1,1,1,0,0,1,1,1,18.0,20.0,5.87,0
29,KARNATAKA,572,Bangalore,5542,Bangalore North,612846,Sadenahalli,,SADENAHALLI,2009,290.33,370,1463,760,703,1,0,0,0,0,0,0,1,0,0,1,0,0,1,1,1,1,1,1,1,1,1,0,0,1,1,1,18.0,20.0,5.04,0
29,KARNATAKA,572,Bangalore,5542,Bangalore North,612847,Adiganahalli,,ADIGANAHALLI,2009,234.05,538,2141,1113,1028,1,1,0,0,0,0,0,1,0,1,1,0,1,0,1,1,1,1,1,1,1,1,0,0,1,1,1,18.0,20.0,9.15,0
29,KARNATAKA,572,Bangalore,5542,Bangalore North,612848,Rajanukunte,,RAJANUKUNTE,2009,134.8,946,3813,1982,1831,1,1,1,0,0,1,1,1,0,1,1,0,0,1,1,1,1,1,1,1,1,1,0,0,1,1,1,18.0,20.0,28.29,1
29,KARNATAKA,572,Bangalore,5542,Bangalore North,612849,Ittagallpura,,ITTAGALLPURA,2009,217.39,106,504,262,242,1,0,0,0,0,0,0,1,0,0,1,0,0,1,1,1,1,1,1,1,1,1,0,0,1,1,1,18.0,20.0,2.32,0
29,KARNATAKA,572,Bangalore,5542,Bangalore North,612850,Dibburu,,DIBBURU,2009,204.59,142,623,323,300,1,0,0,0,0,0,0,1,0,0,1,0,0,1,1,1,1,1,1,1,1,1,0,0,1,1,1,18.0,20.0,3.05,0
29,KARNATAKA,572,Bangalore,5542,Bangalore North,612851,Koluvarayanahalli,,KOLUVARAYANAHALLI,2009,121.53,75,378,196,182,1,0,0,0,0,0,0,1,0,0,1,0,0,1,1,1,1,1,1,1,1,1,0,0,1,1,1,18.0,20.0,3.11,0
29,KARNATAKA,572,Bangalore,5542,Bangalore North,612852,Seethakempanahalli,,SEETHAKEMPANAHALLI,2009,163.7,175,799,415,384,1,0,0,0,0,0,0,1,0,0,1,0,0,1,1,1,1,1,1,1,1,1,0,0,1,1,1,18.0,20.0,4.88,0
29,KARNATAKA,572,Bangalore,5542,Bangalore North,612853,Hesaraghatta Grass Farm,,HESARAGHATTA GRASS FARM,2009,1189.82,8,41,21,20,0,0,0,0,0,0,0,1,0,0,0,1,0,1,1,1,1,1,1,1,1,1,0,0,1,1,1,18.0,20.0,0.03,0
29,KARNATAKA,572,Bangalore,5542,Bangalore North,612854,Dasenahalli,,DASENAHALLI,2009,356.95,236,1034,537,497,1,0,0,0,0,0,0,1,0,0,1,0,0,1,1,1,1,1,1,1,1,1,0,0,1,1,1,18.0,20.0,2.9,0
29,KARNATAKA,572,Bangalore,5542,Bangalore North,612855,Kalenahalli,,KALENAHALLI,2009,81.32,56,269,139,130,1,0,0,0,0,0,0,1,0,0,1,0,0,1,1,1,1,1,1,1,1,1,0,0,1,1,1,18.0,20.0,3.31,0
29,KARNATAKA,572,Bangalore,5542,Bangalore North,612856,Mathkur,,MATHKUR,2009,300.21,230,1065,553,512,1,0,0,0,0,1,1,1,0,0,1,0,0,1,1,1,1,1,1,1,1,1,0,0,1,1,1,18.0,20.0,3.55,1
29,KARNATAKA,572,Bangalore,5542,Bangalore North,612857,Linganahalli,,LINGANAHALLI,2009,170.18,112,554,288,266,1,0,0,0,0,0,0,1,0,0,1,0,0,1,1,1,1,1,1,1,1,1,0,0,1,1,1,18.0,20.0,3.26,0
29,KARNATAKA,572,Bangalore,5542,Bangalore North,612858,Muthagada Halli,,MUTHAGADA HALLI,2009,178.73,81,315,163,152,1,0,0,0,0,0,0,1,0,0,1,0,0,1,1,1,1,1,1,1,1,1,0,0,1,1,1,18.0,20.0,1.76,0
29,KARNATAKA,572,Bangalore,5542,Bangalore North,612859,Madappanahalli,,MADAPPANAHALLI,2009,413.56,307,1190,618,572,1,0,0,0,0,0,0,1,0,0,1,0,0,1,1,1,1,1,1,1,1,1,0,0,1,1,1,18.0,20.0,2.88,0
29,KARNATAKA,572,Bangalore,5542,Bangalore North,612860,Krishnarajapura,,KRISHNARAJAPURA,2009,79.63,14,49,25,24,0,0,0,0,0,0,0,1,0,0,1,0,0,1,1,1,1,1,1,1,1,1,0,0,1,1,1,18.0,20.0,0.62,0
29,KARNATAKA,572,Bangalore,5542,Bangalore North,612861,Mylappanahalli,,MYLAPPANAHALLI,2009,259.51,212,940,488,452,1,0,0,0,0,0,0,1,0,0,1,0,0,1,1,1,1,1,1,1,1,1,0,0,1,1,1,18.0,20.0,3.62,0
29,KARNATAKA,572,Bangalore,5542,Bangalore North,612862,Lingarajapura,,LINGARAJAPURA,2009,42.55,59,224,116,108,1,0,0,0,0,0,0,1,0,0,1,0,0,1,1,1,1,1,1,1,1,1,0,0,1,1,1,18.0,20.0,5.26,0
29,KARNATAKA,572,Bangalore,5542,Bangalore North,612863,Shivakote,,SHIVAKOTE,2009,315.38,420,1762,916,846,1,1,0,0,0,0,0,1,0,0,1,0,0,1,1,1,1,1,1,1,1,1,0,0,1,1,1,18.0,20.0,5.59,0
29,KARNATAKA,572,Bangalore,5542,Bangalore North,612864,Ivar Kandapura,,IVAR KANDAPURA,2009,392.25,429,1834,953,881,1,1,0,0,0,0,0,1,0,0,1,0,1,0,1,1,1,1,1,1,1,1,0,1,1,1,1,18.0,20.0,4.68,0
29,KARNATAKA,572,Bangalore,5542,Bangalore North,612865,Hesaraghatta,,HESARAGHATTA,2009,630.36,2002,8166,4246,3920,0,0,1,0,1,1,1,1,0,1,1,0,0,1,1,1,1,1,1,1,1,1,1,1,1,1,1,18.0,20.0,12.95,1
29,KARNATAKA,572,Bangalore,5542,Bangalore North,612866,Guddadahalli,,GUDDADAHALLI,2009,189.9,174,728,378,350,1,0,0,0,0,1,1,1,0,0,1,0,0,1,1,1,1,1,1,1,1,1,0,0,1,1,1,18.0,20.0,3.83,1
29,KARNATAKA,572,Bangalore,5542,Bangalore North,612867,Bilijaji,,BILIJAJI,2009,196.5,201,840,436,404,1,0,0,0,0,0,0,1,0,0,1,0,0,1,1,1,1,1,1,1,1,1,0,0,1,1,1,18.0,20.0,4.27,0
29,KARNATAKA,572,Bangalore,5542,Bangalore North,612868,Kodagi Thirumalapura,,KODAGI THIRUMALAPURA,2009,211.42,505,2092,1087,1005,1,1,0,0,0,0,0,1,0,1,1,0,0,1,1,1,1,1,1,1,1,1,0,0,1,1,1,18.0,20.0,9.89,0
29,KARNATAKA,572,Bangalore,5542,Bangalore North,612869,Thammarasanahalli,,THAMMARASANAHALLI,2009,79.73,96,436,226,210,1,0,0,0,0,0,0,1,0,0,1,0,0,1,1,1,1,1,1,1,1,1,0,0,1,1,1,18.0,20.0,5.47,0
29,KARNATAKA,572,Bangalore,5542,Bangalore North,612870,Madhugirihalli,,MADHUGIRIHALLI,2009,51.06,83,405,210,195,1,0,0,0,0,0,0,1,0,0,1,0,1,0,1,1,1,1,1,1,1,1,0,0,1,1,1,18.0,20.0,7.93,0
29,KARNATAKA,572,Bangalore,5542,Bangalore North,612871,Mavallipura,,MAVALLIPURA,2009,303.17,218,1000,520,480,1,0,0,0,0,0,0,1,0,0,1,0,0,1,1,1,1,1,1,1,1,1,0,0,1,1,1,18.0,20.0,3.3,0
29,KARNATAKA,572,Bangalore,5542,Bangalore North,612872,Bylakere,,BYLAKERE,2009,381.16,660,2722,1415,1307,1,1,0,0,0,0,0,1,0,1,1,0,0,1,1,1,1,1,1,1,1,1,0,0,1,1,1,18.0,20.0,7.14,0
29,KARNATAKA,572,Bangalore,5542,Bangalore North,612873,Kondashetti Halli,,KONDASHETTI HALLI,2009,97.37,67,305,158,147,1,0,0,0,0,0,0,1,0,0,1,0,0,1,1,1,1,1,1,1,1,1,0,0,1,1,1,18.0,20.0,3.13,0
29,KARNATAKA,572,Bangalore,5542,Bangalore North,612874,Lingarajasagara,,LINGARAJASAGARA,2009,34.4,28,120,62,58,1,0,0,0,0,0,0,1,0,0,1,0,0,1,1,1,1,1,1,1,1,1,0,0,1,1,1,18.0,20.0,3.49,0
29,KARNATAKA,572,Bangalore,5542,Bangalore North,612875,Kasagattapura,,KASAGATTAPURA,2009,190.31,655,2660,1383,1277,1,1,0,0,0,0,0,1,0,1,1,0,0,1,1,1,1,1,1,1,1,1,0,0,1,1,1,18.0,20.0,13.98,0
29,KARNATAKA,572,Bangalore,5542,Bangalore North,612876,Hurali Chikkanahalli,,HURALI CHIKKANAHALLI,2009,270.97,483,1901,988,913,1,1,0,0,0,0,0,1,0,0,1,0,0,1,1,1,1,1,1,1,1,1,0,0,1,1,1,18.0,20.0,7.02,0
29,KARNATAKA,572,Bangalore,5542,Bangalore North,612877,Tharabana Halli,,THARABANA HALLI,2009,84.96,582,2161,1123,1038,1,1,0,0,0,0,0,1,0,1,1,0,0,1,1,1,1,1,1,1,1,1,0,0,1,1,1,18.0,20.0,25.44,0
29,KARNATAKA,572,Bangalore,5542,Bangalore North,612878,Sasiveghatta,,SASIVEGHATTA,2009,200.68,182,737,383,354,1,0,0,0,0,0,0,1,0,0,1,0,0,1,1,1,1,1,1,1,1,1,0,0,1,1,1,18.0,20.0,3.67,0
29,KARNATAKA,572,Bangalore,5542,Bangalore North,612879,Soladevanahalli,,SOLADEVANAHALLI,2009,155.31,812,2940,1528,1412,1,1,0,0,0,0,0,1,0,1,1,0,0,1,1,1,1,1,1,1,1,1,0,0,1,1,1,18.0,20.0,18.93,0
29,KARNATAKA,572,Bangalore,5542,Bangalore North,612880,Kumbarahalli,,KUMBARAHALLI,2009,139.02,357,1459,758,701,1,0,0,0,0,0,0,1,0,0,1,0,0,1,1,1,1,1,1,1,1,1,0,0,1,1,1,18.0,20.0,10.49,0
29,KARNATAKA,572,Bangalore,5542,Bangalore North,612881,Kempapura,,KEMPAPURA,2009,126.09,134,566,294,272,1,0,0,0,0,0,0,1,0,0,1,0,0,1,1,1,1,1,1,1,1,1,0,0,1,1,1,18.0,20.0,4.49,0
29,KARNATAKA,572,Bangalore,5542,Bangalore North,612882,Kalathammanahalli,,KALATHAMMANAHALLI,2009,207.71,151,670,348,322,1,0,0,0,0,0,0,1,0,0,1,0,0,1,1,1,1,1,1,1,1,1,0,0,1,1,1,18.0,20.0,3.23,0
29,KARNATAKA,572,Bangalore,5542,Bangalore North,612883,Guniagrahara,,GUNIAGRAHARA,2009,144.57,377,1533,797,736,1,1,0,0,0,0,0,0,1,0,0,1,0,1,1,1,1,1,1,1,1,1,0,0,1,1,1,18.0,20.0,10.6,0
29,KARNATAKA,572,Bangalore,5542,Bangalore North,612884,Tarahunase,,TARAHUNASE,2009,609.85,426,1864,969,895,1,1,0,0,0,0,0,0,1,0,0,1,0,1,1,1,1,1,1,1,1,1,0,0,1,1,1,18.0,20.0,3.06,0
29,KARNATAKA,572,Bangalore,5542,Bangalore North,612885,Kuduragere,,KUDURAGERE,2009,299.75,241,1073,557,516,1,0,0,0,0,0,0,0,1,0,0,1,0,1,1,1,1,1,1,1,1,1,0,0,1,1,1,18.0,20.0,3.58,0
29,KARNATAKA,572,Bangalore,5542,Bangalore North,612886,Gadenahalli,,GADENAHALLI,2009,141.43,122,604,314,290,1,0,0,0,0,0,0,0,1,0,0,1,0,1,1,1,1,1,1,1,1,1,0,0,1,1,1,18.0,20.0,4.27,0
29,KARNATAKA,572,Bangalore,5542,Bangalore North,612887,Tharabanahalli,,THARABANAHALLI,2009,177.98,315,1294,672,622,1,0,0,0,0,0,0,1,0,0,1,0,0,1,1,1,1,1,1,1,1,1,0,1,1,1,1,18.0,20.0,7.27,0
29,KARNATAKA,572,Bangalore,5542,Bangalore North,612888,Navarathna Agrahara,,NAVARATHNA AGRAHARA,2009,372.81,317,1506,783,723,1,1,0,0,0,0,0,1,0,0,0,1,0,1,1,1,1,1,1,1,1,1,0,1,1,1,1,18.0,20.0,4.04,0
29,KARNATAKA,572,Bangalore,5542,Bangalore North,612889,Meenakunte,,MEENAKUNTE,2009,177.27,550,2040,1060,980,1,1,0,0,0,0,0,1,0,0,0,1,0,1,1,1,1,1,1,1,1,1,0,1,1,1,1,18.0,20.0,11.51,0
29,KARNATAKA,572,Bangalore,5542,Bangalore North,612890,Channahalli,,CHANNAHALLI,2009,81.58,267,1269,659,610,1,0,0,0,0,0,0,0,1,0,1,0,0,1,1,1,1,1,1,1,1,1,0,0,1,1,1,18.0,20.0,15.56,0
29,KARNATAKA,572,Bangalore,5542,Bangalore North,612891,Byanahalli,,BYANAHALLI,2009,148.19,102,482,250,232,1,0,0,0,0,0,0,1,0,0,0,1,0,1,1,1,1,1,1,1,1,1,0,1,1,1,1,18.0,20.0,3.25,0
29,KARNATAKA,572,Bangalore,5542,Bangalore North,612892,Papanahalli,,PAPANAHALLI,2009,91.92,8,76,39,37,0,0,0,0,0,0,0,0,1,0,0,1,0,1,1,1,1,1,1,1,1,1,0,0,1,1,1,18.0,20.0,0.83,0
29,KARNATAKA,572,Bangalore,5542,Bangalore North,612893,Thimmasandra,,THIMMASANDRA,2009,204.54,172,797,414,383,1,0,0,0,0,0,0,0,1,0,0,1,0,1,1,1,1,1,1,1,1,1,0,0,1,1,1,18.0,20.0,3.9,0
29,KARNATAKA,572,Bangalore,5542,Bangalore North,612894,Nellukunte (East),,NELLUKUNTE (EAST),2009,230.16,129,1305,678,627,0,0,0,0,0,0,0,1,0,0,1,0,1,0,1,1,1,1,1,1,1,1,0,1,1,1,1,18.0,20.0,5.67,0
29,KARNATAKA,572,Bangalore,5542,Bangalore North,612895,Bettahalasur,,BETTAHALASUR,2009,598.25,900,3573,1857,1716,1,1,1,0,0,1,1,1,0,1,1,0,1,0,1,1,1,1,1,1,1,1,1,1,1,1,1,18.0,20.0,5.97,1
29,KARNATAKA,572,Bangalore,5542,Bangalore North,612896,Chokkanahalli (North),,CHOKKANAHALLI (NORTH),2009,59.98,21,124,64,60,0,0,0,0,0,0,0,0,1,0,0,1,0,1,1,1,1,1,1,1,1,1,0,0,1,1,1,18.0,20.0,2.07,0
29,KARNATAKA,572,Bangalore,5542,Bangalore North,612897,Chikkajala,,CHIKKAJALA,2009,251.69,1640,6154,3200,2954,1,1,1,0,1,1,1,1,0,1,1,0,0,1,1,1,1,1,1,1,1,1,0,0,1,1,1,18.0,20.0,24.45,1
29,KARNATAKA,572,Bangalore,5542,Bangalore North,612898,Maranayakana Halli,,MARANAYAKANA HALLI,2009,132.56,327,1272,661,611,1,0,0,0,0,0,0,1,0,0,1,0,0,1,1,1,1,1,1,1,1,1,0,0,1,1,1,18.0,20.0,9.6,0
29,KARNATAKA,572,Bangalore,5542,Bangalore North,612899,Doddajala,,DODDAJALA,2009,305.42,389,1660,863,797,1,1,0,0,0,0,0,1,0,0,1,0,0,1,1,1,1,1,1,1,1,1,0,0,1,1,1,18.0,20.0,5.44,0
29,KARNATAKA,572,Bangalore,5542,Bangalore North,612900,Settigere,,SETTIGERE,2009,237.17,216,925,481,444,1,0,0,0,0,0,0,1,0,0,1,0,0,1,1,1,1,1,1,1,1,1,0,0,1,1,1,18.0,20.0,3.9,0
29,KARNATAKA,572,Bangalore,5542,Bangalore North,612901,Muthugada Halli,,MUTHUGADA HALLI,2009,95.94,78,355,184,171,1,0,0,0,0,0,0,1,0,0,0,1,0,1,1,1,1,1,1,1,1,1,0,0,1,1,1,18.0,20.0,3.7,0
29,KARNATAKA,572,Bangalore,5542,Bangalore North,612902,Begur,,BEGUR,2009,185.99,93,434,225,209,1,0,0,0,0,0,0,1,0,0,1,0,0,1,1,1,1,1,1,1,1,1,0,0,1,1,1,18.0,20.0,2.33,0
29,KARNATAKA,572,Bangalore,5542,Bangalore North,612903,Mylanahalli,,MYLANAHALLI,2009,281.84,737,3127,1626,1501,1,1,1,0,0,0,0,1,0,0,0,1,0,1,1,1,1,1,1,1,1,1,0,0,1,1,1,18.0,20.0,11.09,0
29,KARNATAKA,572,Bangalore,5542,Bangalore North,612904,Chikkanahalli,,CHIKKANAHALLI,2009,93.9,64,291,151,140,1,0,0,0,0,0,0,1,0,0,1,0,0,1,1,1,1,1,1,1,1,1,0,0,1,1,1,18.0,20.0,3.1,0
29,KARNATAKA,572,Bangalore,5542,Bangalore North,612905,Boilahalli,,BOILAHALLI,2009,142.78,85,392,203,189,0,0,0,0,0,0,0,1,0,0,0,1,0,1,1,1,1,1,1,1,1,1,0,0,1,1,1,18.0,20.0,2.75,0
29,KARNATAKA,572,Bangalore,5542,Bangalore North,612915,Bagalur,,BAGALUR,2009,916.59,2140,10320,5366,4954,1,1,1,0,1,1,1,1,0,1,1,0,0,1,1,1,1,1,1,1,1,1,0,0,1,1,1,18.0,20.0,11.26,1
29,KARNATAKA,572,Bangalore,5543,Bangalore South,612964,Varthur,,VARTHUR,2009,223.14,284,1347,700,647,1,0,0,0,0,1,1,1,0,0,1,0,0,1,1,1,1,1,1,1,1,1,0,0,1,1,1,18.0,20.0,6.04,1
29,KARNATAKA,572,Bangalore,5543,Bangalore South,612966,Channenahalli,,CHANNENAHALLI,2009,320.37,926,4199,2183,2016,1,1,1,0,0,0,0,1,0,0,0,1,0,1,1,1,1,1,1,1,1,1,1,1,1,1,1,18.0,20.0,13.11,0
29,KARNATAKA,572,Bangalore,5543,Bangalore South,612979,Tavarekere,,TAVAREKERE,2009,955.56,1663,6989,3634,3355,1,1,1,0,1,1,1,1,0,1,1,0,0,1,1,1,1,1,1,1,1,1,1,1,1,1,1,18.0,20.0,7.31,1
29,KARNATAKA,572,Bangalore,5543,Bangalore South,612993,Chunchanakuppe,,CHUNCHANAKUPPE,2009,512.63,398,1546,803,743,1,1,0,0,0,1,1,1,0,0,1,0,0,1,1,1,1,1,1,1,1,1,0,0,1,1,1,18.0,20.0,3.02,1
29,KARNATAKA,572,Bangalore,5543,Bangalore South,613016,Ramohalli,,RAMOHALLI,2009,422.89,982,3975,2067,1908,1,1,1,0,0,1,1,1,0,1,1,0,0,1,1,1,1,1,1,1,1,1,0,0,1,1,1,18.0,20.0,9.4,1
29,KARNATAKA,572,Bangalore,5543,Bangalore South,613022,Kambipura,,KAMBIPURA,2009,542.74,1507,7018,3649,3369,1,1,1,0,0,0,0,1,0,1,1,0,0,1,1,1,1,1,1,1,1,1,1,1,1,1,1,18.0,20.0,12.93,0
29,KARNATAKA,572,Bangalore,5543,Bangalore South,613042,Kaggalipura,,KAGGALIPURA,2009,939.18,3012,12452,6475,5977,1,1,1,0,1,1,1,1,0,1,1,0,1,0,1,1,1,1,1,1,1,1,1,1,1,1,1,18.0,20.0,13.26,1
29,KARNATAKA,572,Bangalore,5543,Bangalore South,613050,Somanahalli,,SOMANAHALLI,2009,539.78,1158,4655,2420,2235,1,1,1,0,0,1,1,1,0,1,1,0,0,1,1,1,1,1,1,1,1,1,0,0,1,1,1,18.0,20.0,8.62,1
29,KARNATAKA,572,Bangalore,5543,Bangalore South,613056,Doddanagamangala,,DODDANAGAMANGALA,2009,326.78,1259,5017,2608,2409,1,1,1,0,0,0,0,1,0,1,1,0,1,0,1,1,1,1,1,1,1,1,0,0,1,1,1,18.0,20.0,15.35,0
29,KARNATAKA,572,Bangalore,5544,Bangalore East,613076,Rampura,,RAMPURA,2009,218.45,598,2680,1393,1287,1,1,0,0,0,0,0,1,0,1,1,0,0,1,1,1,1,1,1,1,1,1,0,0,1,1,1,18.0,20.0,12.27,0
29,KARNATAKA,572,Bangalore,5544,Bangalore East,613083,Bidarahalli,,BIDARAHALLI,2009,370.34,624,2621,1362,1259,1,1,0,0,0,0,0,1,0,1,1,0,0,1,1,1,1,1,1,1,1,1,0,0,1,1,1,18.0,20.0,7.08,0
29,KARNATAKA,572,Bangalore,5544,Bangalore East,613101,Avalahalli (East),,AVALAHALLI (EAST),2009,159.05,1821,7077,3680,3397,1,1,1,0,1,1,1,1,0,1,1,0,0,1,1,1,1,1,1,1,1,1,1,1,1,1,1,18.0,20.0,44.5,1
29,KARNATAKA,572,Bangalore,5544,Bangalore East,613112,Kannamangala,,KANNAMANGALA,2009,325.13,1146,4381,2278,2103,1,1,1,0,0,0,0,1,0,1,1,0,0,1,1,1,1,1,1,1,1,1,0,0,1,1,1,18.0,20.0,13.47,0
29,KARNATAKA,572,Bangalore,5545,Anekal,613132,Bannerughatta,,BANNERUGHATTA,2009,1027.32,2092,8054,4188,3866,1,1,1,0,1,1,1,1,0,1,1,0,0,1,1,1,1,1,1,1,1,1,1,1,1,1,1,18.0,20.0,7.84,1
29,KARNATAKA,572,Bangalore,5545,Anekal,613162,Thirupalya,,THIRUPALYA,2009,98.8,4251,14762,7676,7086,1,1,1,0,0,0,0,1,0,1,1,0,0,1,1,1,1,1,1,1,1,1,0,0,1,1,1,18.0,20.0,149.41,0
29,KARNATAKA,572,Bangalore,5545,Anekal,613163,Yarandahalli,,YARANDAHALLI,2009,237.76,1472,5732,2980,2752,1,1,1,0,0,0,0,1,0,1,1,0,0,1,1,1,1,1,1,1,1,1,0,0,1,1,1,18.0,20.0,24.11,0
29,KARNATAKA,572,Bangalore,5545,Anekal,613168,Haragadde,,HARAGADDE,2009,254.87,2010,7735,4022,3713,1,1,1,0,1,1,1,1,0,1,1,0,0,1,1,1,1,1,1,1,1,1,0,0,1,1,1,18.0,20.0,30.35,1
29,KARNATAKA,572,Bangalore,5545,Anekal,613180,Hennagara,,HENNAGARA,2009,134.04,658,2801,1456,1345,1,1,0,0,0,0,0,1,0,0,0,1,1,0,1,1,1,1,1,1,1,1,0,0,1,1,1,18.0,20.0,20.9,0
29,KARNATAKA,572,Bangalore,5545,Anekal,613182,Kachanaikanahalli,,KACHANAIKANAHALLI,2009,212.23,1468,5606,2915,2691,1,1,1,0,0,0,0,1,0,1,1,0,0,1,1,1,1,1,1,1,1,1,0,0,1,1,1,18.0,20.0,26.41,0
29,KARNATAKA,572,Bangalore,5545,Anekal,613201,Muthanallur,,MUTHANALLUR,2009,237.1,398,1663,864,799,1,1,0,0,0,1,1,1,0,0,1,0,0,1,1,1,1,1,1,1,1,1,0,0,1,1,1,18.0,20.0,7.01,1
29,KARNATAKA,572,Bangalore,5545,Anekal,613244,Mugalur,,MUGALUR,2009,318.05,330,1442,749,693,1,0,0,0,0,1,1,1,0,0,1,0,0,1,1,1,1,1,1,1,1,1,0,0,1,1,1,18.0,20.0,4.53,1
29,KARNATAKA,572,Bangalore,5545,Anekal,613254,Gollahalli,,GOLLAHALLI,2009,68.97,2160,7433,3865,3568,1,1,1,0,0,0,0,1,0,1,1,0,0,1,1,1,1,1,1,1,1,1,0,0,1,1,1,18.0,20.0,107.77,0
29,KARNATAKA,572,Bangalore,5545,Anekal,613255,Veerasandra,,VEERASANDRA,2009,159.75,2595,9190,4778,4412,1,1,1,0,0,0,0,1,0,1,1,0,0,1,1,1,1,1,1,1,1,1,0,0,1,1,1,18.0,20.0,57.53,0
29,KARNATAKA,572,Bangalore,5545,Anekal,613256,Kammasandra,,KAMMASANDRA,2009,136.77,2749,9912,5154,4758,1,1,1,0,0,0,0,1,0,0,0,1,0,1,1,1,1,1,1,1,1,1,0,0,1,1,1,18.0,20.0,72.47,0
29,KARNATAKA,572,Bangalore,5545,Anekal,613261,Chandapura,,CHANDAPURA,2009,143.04,1240,4562,2372,2190,1,1,1,0,0,1,1,1,0,1,1,0,0,1,1,1,1,1,1,1,1,1,1,1,1,1,1,18.0,20.0,31.89,1
29,KARNATAKA,572,Bangalore,5545,Anekal,613263,Kittaganahalli,,KITTAGANAHALLI,2009,125.71,2064,7280,3785,3495,1,1,1,0,0,0,0,1,0,1,1,0,1,0,1,1,1,1,1,1,1,1,1,1,1,1,1,18.0,20.0,57.91,0
29,KARNATAKA,572,Bangalore,5545,Anekal,613264,Banahalli,,BANAHALLI,2009,120.22,1673,5819,3025,2794,1,1,1,0,0,0,0,1,0,1,1,0,1,0,1,1,1,1,1,1,1,1,1,1,1,1,1,18.0,20.0,48.4,0
29,KARNATAKA,572,Bangalore,5545,Anekal,613268,Neralur,,NERALUR,2009,424.24,1500,5608,2916,2692,1,1,1,0,0,0,0,1,0,1,1,0,0,1,1,1,1,1,1,1,1,1,0,0,1,1,1,18.0,20.0,13.22,0
29,KARNATAKA,572,Bangalore,5545,Anekal,613273,Yadavanahalli,,YADAVANAHALLI,2009,308.83,1744,6422,3339,3083,1,1,1,0,1,1,1,1,0,1,1,0,0,1,1,1,1,1,1,1,1,1,0,0,1,1,1,18.0,20.0,20.79,1
29,KARNATAKA,572,Bangalore,5545,Anekal,613289,Bidaraguppe,,BIDARAGUPPE,2009,587.27,848,3787,1969,1818,1,1,1,0,0,1,1,1,0,1,1,0,0,1,1,1,1,1,1,1,1,1,0,0,1,1,1,18.0,20.0,6.45,1
29,KARNATAKA,572,Bangalore,5545,Anekal,613292,Ballur,,BALLUR,2009,437.21,1291,4572,2377,2195,1,1,1,0,0,1,1,1,0,1,1,0,1,0,1,1,1,1,1,1,1,1,0,0,1,1,1,18.0,20.0,10.46,1
29,KARNATAKA,572,Bangalore,5545,Anekal,613353,Samandur,,SAMANDUR,2009,750.84,540,2501,1300,1201,1,1,0,0,0,1,1,1,0,1,1,0,0,1,1,1,1,1,1,1,1,1,0,0,1,1,1,18.0,20.0,3.33,1
